ORG_CODE,DISTRICT_NAME,COUNTY,District_Total,charter,voctech,PK,K,Gr.1,Gr.2,Gr.3,Gr.4,Gr.5,Gr.6,Gr.7,Gr.8,Gr.9,Gr.10,Gr.11,Gr.12,SPED_Beyond_Grade_12
1,Abington,Plymouth,2154,,,76,174,186,171,166,148,169,142,171,165,133,148,145,154,6
3,Acushnet,Bristol,935,,,53,76,101,87,119,101,81,114,104,99,0,0,0,0,0
5,Agawam,Hampden,3464,,,157,229,231,254,251,225,275,245,266,314,277,252,263,220,5
7,Amesbury,Essex,1797,,,37,136,138,123,109,129,135,155,169,156,113,132,125,133,7
8,Amherst,Hampshire,1053,,,55,127,142,140,145,138,154,152,0,0,0,0,0,0,0
9,Andover,Essex,5456,,,77,358,369,357,460,394,411,443,451,457,420,416,415,393,35
10,Arlington,Middlesex,5866,,,73,486,474,471,543,469,509,452,473,433,364,372,362,385,0
14,Ashland,Middlesex,2870,,,77,225,229,195,212,206,218,228,237,231,209,204,175,224,0
16,Attleboro,Bristol,5866,,,180,421,363,416,414,415,423,457,439,469,496,446,442,469,16
17,Auburn,Worcester,2573,,,109,154,177,186,189,163,217,199,220,228,163,179,199,180,10
18,Avon,Norfolk,715,,,24,48,45,45,52,60,63,62,51,57,64,49,45,47,3
20,Barnstable,Barnstable,4751,,,149,360,370,352,364,368,344,326,356,372,363,347,336,330,14
23,Bedford,Middlesex,2602,,,46,141,171,187,195,215,188,200,206,204,226,201,204,218,0
24,Belchertown,Hampshire,2131,,,49,156,147,145,155,166,156,161,173,169,158,161,183,147,5
25,Bellingham,Norfolk,1980,,,88,132,119,137,141,134,159,142,165,186,150,157,131,135,4
26,Belmont,Middlesex,4356,,,71,289,286,335,339,345,355,308,345,354,342,334,318,335,0
27,Berkley,Bristol,870,,,59,73,79,91,86,76,101,97,96,112,0,0,0,0,0
30,Beverly,Essex,4636,,,123,326,370,372,365,354,344,343,368,372,318,299,330,343,9
31,Billerica,Middlesex,4734,,,200,393,393,362,373,368,348,406,373,389,297,265,269,288,10
35,Boston,Suffolk,46169,,,2766,3263,3249,3271,3394,3436,3156,2832,3243,3279,3513,3362,3565,3581,259
36,Bourne,Barnstable,1557,,,46,105,93,113,104,137,124,151,142,149,82,97,88,110,16
38,Boxford,Essex,739,,,37,96,107,106,88,95,100,110,0,0,0,0,0,0,0
40,Braintree,Norfolk,5369,,,94,366,377,390,425,374,414,422,410,462,422,376,413,424,0
41,Brewster,Barnstable,438,,,27,63,64,71,72,56,85,0,0,0,0,0,0,0,0
43,Brimfield,Hampden,269,,,29,34,31,42,25,42,36,30,0,0,0,0,0,0,0
44,Brockton,Plymouth,15265,,,326,1205,1187,1034,1068,1153,1278,1189,1176,1209,1493,947,1004,923,73
45,Brookfield,Worcester,279,,,19,32,39,36,37,37,37,42,0,0,0,0,0,0,0
46,Brookline,Norfolk,6928,,,255,501,516,507,479,534,480,503,553,513,544,509,492,518,24
48,Burlington,Middlesex,3440,,,89,277,268,279,277,290,290,276,249,238,234,211,223,239,0
49,Cambridge,Middlesex,6612,,,455,546,567,494,512,508,462,388,411,402,498,426,452,469,22
50,Canton,Norfolk,3228,,,79,240,251,242,235,235,253,258,248,284,221,216,211,255,0
51,Carlisle,Middlesex,615,,,15,74,59,53,71,67,71,59,65,81,0,0,0,0,0
52,Carver,Plymouth,1508,,,48,135,102,128,124,108,143,121,117,116,97,106,92,71,0
56,Chelmsford,Middlesex,4943,,,127,355,414,360,388,401,380,373,399,404,327,349,324,342,0
57,Chelsea,Suffolk,6074,,,246,466,500,465,510,478,421,416,452,504,497,437,371,305,6
61,Chicopee,Hampden,6796,,,203,416,459,481,463,507,539,506,501,579,570,545,519,506,2
63,Clarksburg,Berkshire,211,,,20,18,21,15,22,31,14,22,18,30,0,0,0,0,0
64,Clinton,Worcester,1905,,,93,146,154,138,165,136,144,132,134,168,135,139,120,99,2
65,Cohasset,Norfolk,1422,,,25,127,109,105,102,100,112,94,104,120,106,102,116,100,0
67,Concord,Middlesex,1998,,,51,181,193,220,232,227,206,235,217,236,0,0,0,0,0
68,Conway,Franklin,145,,,18,16,15,18,20,16,21,21,0,0,0,0,0,0,0
71,Danvers,Essex,3217,,,87,239,290,253,269,246,256,250,271,249,185,214,198,202,8
72,Dartmouth,Bristol,3411,,,84,228,231,264,248,255,259,247,281,282,248,264,245,275,0
73,Dedham,Norfolk,2567,,,108,224,201,214,187,174,186,166,201,205,191,165,170,168,7
74,Deerfield,Franklin,326,,,26,40,26,53,40,52,51,38,0,0,0,0,0,0,0
77,Douglas,Worcester,1180,,,51,79,68,99,87,80,106,93,91,90,72,90,80,92,2
78,Dover,Norfolk,489,,,12,82,66,85,81,73,90,0,0,0,0,0,0,0,0
79,Dracut,Middlesex,3628,,,54,291,318,313,306,316,258,294,294,308,227,208,199,234,8
82,Duxbury,Plymouth,2811,,,57,176,197,190,187,205,201,225,189,236,238,245,232,231,2
83,East Bridgewater,Plymouth,2107,,,98,146,149,155,142,166,153,167,158,178,132,138,163,162,0
85,Eastham,Barnstable,192,,,15,34,21,28,28,32,34,0,0,0,0,0,0,0,0
86,Easthampton,Hampshire,1417,,,40,99,112,115,116,108,112,118,110,86,110,93,90,106,2
87,East Longmeadow,Hampden,2492,,,35,171,156,181,161,187,184,196,197,208,180,206,219,208,3
88,Easton,Bristol,3418,,,61,223,212,234,235,256,250,270,298,266,272,266,284,282,9
89,Edgartown,Dukes,397,,,8,34,44,45,45,38,49,39,53,42,0,0,0,0,0
91,Erving,Franklin,133,,,21,19,15,17,14,12,14,21,0,0,0,0,0,0,0
93,Everett,Middlesex,6813,,,309,433,447,506,489,529,484,505,494,506,562,578,479,492,0
94,Fairhaven,Bristol,1846,,,31,113,117,113,123,128,137,147,157,149,166,145,169,151,0
95,Fall River,Bristol,10268,,,257,853,776,876,815,875,905,795,788,862,657,620,620,569,0
96,Falmouth,Barnstable,3044,,,103,250,206,223,228,257,230,244,259,239,211,197,212,178,7
97,Fitchburg,Worcester,5187,,,166,382,366,421,460,374,435,405,381,372,307,339,389,379,11
98,Florida,Berkshire,104,,,8,12,14,7,10,3,12,7,12,19,0,0,0,0,0
99,Foxborough,Norfolk,2459,,,91,156,171,179,169,167,195,169,178,212,194,188,189,193,8
100,Framingham,Middlesex,8824,,,254,688,709,662,795,692,704,605,624,669,649,642,590,541,0
101,Franklin,Norfolk,4764,,,130,280,301,292,337,323,359,330,353,386,390,410,423,435,15
103,Gardner,Worcester,2251,,,81,179,175,162,142,158,148,176,194,181,192,146,151,159,7
105,Georgetown,Essex,1276,,,71,91,91,104,103,105,91,95,89,114,66,80,83,93,0
107,Gloucester,Essex,2833,,,80,243,217,221,199,209,204,221,204,205,196,250,188,190,6
110,Grafton,Worcester,3138,,,82,228,227,251,197,239,240,242,283,240,234,204,233,234,4
111,Granby,Hampshire,697,,,21,45,56,55,64,51,46,56,46,48,43,45,56,65,0
114,Greenfield,Franklin,1604,,,83,129,127,142,121,132,123,125,113,123,108,92,76,107,3
117,Hadley,Hampshire,508,,,45,22,36,32,35,30,34,38,31,41,43,47,39,35,0
118,Halifax,Plymouth,564,,,0,69,74,65,83,95,102,76,0,0,0,0,0,0,0
121,Hancock,Berkshire,57,,,13,5,9,8,6,4,6,6,0,0,0,0,0,0,0
122,Hanover,Plymouth,2596,,,101,175,201,224,208,180,215,197,215,171,170,179,170,188,2
125,Harvard,Worcester,1025,,,27,80,52,66,68,78,81,83,77,90,75,86,71,91,0
127,Hatfield,Hampshire,391,,,27,24,17,25,33,25,39,26,35,33,23,18,25,41,0
128,Haverhill,Essex,7738,,,209,530,539,570,604,644,648,628,696,692,623,501,417,402,35
131,Hingham,Plymouth,3864,,,72,262,267,303,279,304,294,313,264,301,265,292,326,319,3
133,Holbrook,Norfolk,1286,,,38,105,89,111,111,106,114,115,93,102,74,92,76,57,3
135,Holland,Hampden,226,,,29,30,23,19,30,34,32,29,0,0,0,0,0,0,0
136,Holliston,Middlesex,2809,,,100,226,190,196,176,209,224,228,219,229,202,191,194,219,6
137,Holyoke,Hampden,5102,,,306,318,374,386,375,340,409,351,360,375,378,356,356,418,0
138,Hopedale,Worcester,1114,,,94,76,81,73,75,83,84,77,88,89,72,73,67,82,0
139,Hopkinton,Middlesex,4006,,,79,258,303,300,322,285,324,308,303,312,320,280,311,295,6
141,Hudson,Middlesex,2336,,,27,163,180,178,195,210,202,175,170,202,170,154,158,152,0
142,Hull,Plymouth,805,,,52,53,43,54,56,63,57,56,62,61,64,54,62,68,0
144,Ipswich,Essex,1628,,,37,127,103,111,106,133,123,117,119,124,131,131,125,136,5
145,Kingston,Plymouth,1047,,,0,157,148,152,149,144,136,161,0,0,0,0,0,0,0
149,Lawrence,Essex,12786,,,406,811,980,912,996,1001,1010,1054,1067,1115,850,798,822,923,41
150,Lee,Berkshire,660,,,20,36,33,43,54,54,47,47,57,37,60,59,54,55,4
151,Leicester,Worcester,1389,,,46,99,89,98,93,119,93,89,102,128,91,115,96,131,0
152,Lenox,Berkshire,722,,,22,40,46,43,48,47,50,55,60,60,58,62,62,67,2
153,Leominster,Worcester,5915,,,114,434,392,435,432,414,431,445,480,460,471,467,464,458,18
154,Leverett,Franklin,144,,,15,17,20,17,18,23,21,13,0,0,0,0,0,0,0
155,Lexington,Middlesex,6790,,,67,343,364,441,494,519,541,552,591,605,576,547,583,567,0
157,Lincoln,Middlesex,1066,,,86,106,113,118,129,115,105,89,102,103,0,0,0,0,0
158,Littleton,Middlesex,1642,,,52,142,103,116,121,138,121,132,132,134,119,119,108,101,4
159,Longmeadow,Hampden,2791,,,63,184,167,191,213,207,207,195,215,238,230,226,216,239,0
160,Lowell,Middlesex,13991,,,532,1080,1130,1096,1217,1099,1113,1110,1207,1206,948,774,669,786,24
161,Ludlow,Hampden,2293,,,33,128,153,149,153,160,157,169,161,203,229,192,205,201,0
162,Lunenburg,Worcester,1597,,,39,124,112,104,135,110,116,135,125,142,107,119,107,117,5
163,Lynn,Essex,15727,,,257,1112,1186,1068,1175,1203,1136,1102,1104,1191,1491,1210,1193,1248,51
164,Lynnfield,Essex,2167,,,38,171,178,164,169,190,162,193,179,159,140,147,136,141,0
165,Malden,Middlesex,6101,,,217,439,445,438,439,435,480,475,497,479,431,439,435,433,19
167,Mansfield,Bristol,3437,,,91,240,257,221,229,236,262,266,258,276,232,276,306,281,6
168,Marblehead,Essex,2601,,,65,147,162,170,177,169,200,190,195,195,238,218,225,245,5
169,Marion,Plymouth,406,,,17,50,50,53,65,53,54,64,0,0,0,0,0,0,0
170,Marlborough,Middlesex,4643,,,169,389,423,409,401,371,382,354,353,370,254,226,294,239,9
171,Marshfield,Plymouth,3822,,,155,240,257,275,236,262,306,269,287,290,338,268,310,326,3
172,Mashpee,Barnstable,1457,,,80,90,98,96,90,109,105,119,118,112,127,95,113,105,0
173,Mattapoisett,Plymouth,436,,,25,59,51,50,64,63,64,60,0,0,0,0,0,0,0
174,Maynard,Middlesex,1185,,,61,90,83,96,88,105,92,93,74,92,83,66,74,86,2
175,Medfield,Norfolk,2530,,,49,197,181,200,196,194,197,206,184,176,179,183,197,190,1
176,Medford,Middlesex,4024,,,87,355,294,282,280,285,307,307,290,318,280,303,337,291,8
177,Medway,Norfolk,2108,,,41,149,146,163,156,151,150,175,155,183,159,145,160,175,0
178,Melrose,Middlesex,3748,,,157,282,312,294,298,328,310,287,282,275,232,225,221,240,5
181,Methuen,Essex,6439,,,139,418,444,486,487,494,498,512,510,560,472,486,450,483,0
182,Middleborough,Plymouth,3011,,,58,220,230,222,222,241,235,213,230,256,253,209,206,208,8
184,Middleton,Essex,708,,,55,94,101,94,104,87,89,84,0,0,0,0,0,0,0
185,Milford,Worcester,4309,,,140,316,327,309,282,311,338,330,328,350,354,310,318,296,0
186,Millbury,Worcester,1601,,,75,119,102,117,113,127,96,116,141,125,134,117,122,97,0
187,Millis,Norfolk,1175,,,53,86,82,90,80,102,88,80,107,79,90,93,70,75,0
189,Milton,Norfolk,4352,,,113,350,334,373,370,391,387,321,321,286,261,283,276,278,8
191,Monson,Hampden,838,,,50,54,67,71,70,61,70,70,69,69,36,42,41,62,6
196,Nahant,Essex,164,,,34,17,32,20,12,11,19,19,0,0,0,0,0,0,0
197,Nantucket,Nantucket,1672,,,48,122,112,97,110,114,94,121,148,152,153,123,147,127,4
198,Natick,Middlesex,5308,,,132,406,359,382,421,394,413,409,434,412,394,384,387,381,0
199,Needham,Norfolk,5515,,,71,369,411,415,430,439,433,450,383,445,431,420,377,441,0
201,New Bedford,Bristol,12504,,,500,989,1007,988,1065,1041,1030,900,965,1020,822,759,763,655,0
204,Newburyport,Essex,2150,,,64,115,130,154,142,135,146,145,163,172,189,204,211,175,5
207,Newton,Middlesex,11974,,,179,738,813,837,881,858,914,880,991,948,958,941,968,1038,30
208,Norfolk,Norfolk,1031,,,59,146,161,125,133,126,136,145,0,0,0,0,0,0,0
209,North Adams,Berkshire,1257,,,90,101,91,93,100,88,100,80,86,93,97,87,71,75,5
210,Northampton,Hampshire,2618,,,87,145,151,183,182,186,197,148,221,210,234,201,245,220,8
211,North Andover,Essex,4493,,,131,288,319,332,349,337,329,336,367,370,337,333,307,357,1
212,North Attleborough,Bristol,3969,,,134,294,287,273,281,287,322,329,292,334,308,287,262,279,0
213,Northborough,Worcester,1550,,,0,155,175,178,165,166,182,192,175,162,0,0,0,0,0
214,Northbridge,Worcester,1975,,,95,155,158,151,120,131,142,156,173,181,136,114,125,138,0
215,North Brookfield,Worcester,454,,,27,35,37,37,35,32,47,35,27,40,20,31,18,33,0
217,North Reading,Middlesex,2321,,,51,175,189,204,145,181,173,193,174,197,170,130,176,162,1
218,Norton,Bristol,2376,,,108,165,178,164,146,177,179,177,186,219,167,174,174,159,3
219,Norwell,Plymouth,2186,,,46,160,166,189,163,170,162,179,160,160,154,161,153,163,0
220,Norwood,Norfolk,3444,,,106,271,284,253,269,268,279,259,244,224,233,227,266,257,4
221,Oak Bluffs,Dukes,427,,,15,35,50,36,49,32,54,57,53,46,0,0,0,0,0
223,Orange,Franklin,536,,,50,75,55,68,70,69,79,70,0,0,0,0,0,0,0
224,Orleans,Barnstable,164,,,0,29,18,23,27,29,38,0,0,0,0,0,0,0,0
226,Oxford,Worcester,1466,,,32,106,77,103,116,102,147,130,123,126,105,103,97,90,9
227,Palmer,Hampden,1186,,,39,94,105,73,96,108,106,83,91,112,77,63,64,70,5
229,Peabody,Essex,5881,,,224,477,440,458,473,422,461,442,474,503,358,382,387,367,13
230,Pelham,Hampshire,117,,,0,14,16,15,19,15,20,18,0,0,0,0,0,0,0
231,Pembroke,Plymouth,2563,,,67,188,183,164,194,187,180,203,213,199,199,189,193,196,8
234,Petersham,Worcester,113,,,0,14,16,18,23,9,18,15,0,0,0,0,0,0,0
236,Pittsfield,Berkshire,4953,,,118,360,347,356,377,430,373,293,368,339,438,398,377,372,7
238,Plainville,Norfolk,656,,,56,90,60,94,87,84,90,95,0,0,0,0,0,0,0
239,Plymouth,Plymouth,7196,,,189,544,505,505,529,519,485,475,532,554,655,590,562,552,0
240,Plympton,Plymouth,241,,,0,43,33,43,29,28,26,39,0,0,0,0,0,0,0
242,Provincetown,Barnstable,141,,,21,10,11,14,9,13,11,15,18,19,0,0,0,0,0
243,Quincy,Norfolk,9404,,,282,693,686,708,703,692,686,680,697,704,708,709,711,721,24
244,Randolph,Norfolk,2571,,,83,219,181,225,201,234,192,188,220,224,181,140,132,139,12
246,Reading,Middlesex,3846,,,102,291,246,320,309,289,263,298,308,285,251,293,295,296,0
248,Revere,Suffolk,7141,,,147,511,549,532,556,562,550,554,528,586,670,515,467,404,10
249,Richmond,Berkshire,157,,,12,15,16,17,17,18,14,19,14,15,0,0,0,0,0
250,Rochester,Plymouth,516,,,25,56,63,62,70,89,66,85,0,0,0,0,0,0,0
251,Rockland,Plymouth,2118,,,52,154,141,157,176,158,173,188,186,185,145,130,128,140,5
252,Rockport,Essex,748,,,24,43,46,36,51,55,57,67,70,68,46,66,61,58,0
253,Rowe,Franklin,65,,,7,4,7,12,6,11,13,5,0,0,0,0,0,0,0
258,Salem,Essex,3665,,,167,279,287,326,302,331,336,246,256,262,259,205,215,189,5
261,Sandwich,Barnstable,2288,,,76,151,167,153,197,180,169,191,177,216,143,143,161,161,3
262,Saugus,Essex,2436,,,53,152,168,183,188,196,194,201,193,214,173,173,174,168,6
263,Savoy,Berkshire,51,,,3,6,5,6,6,10,7,8,0,0,0,0,0,0,0
264,Scituate,Plymouth,2772,,,69,193,195,215,230,215,195,206,200,192,202,208,186,266,0
265,Seekonk,Bristol,2075,,,49,153,174,160,158,161,178,155,150,146,158,137,133,163,0
266,Sharon,Norfolk,3537,,,50,191,238,249,274,259,261,285,288,303,266,270,287,316,0
269,Sherborn,Middlesex,403,,,11,63,60,70,62,59,78,0,0,0,0,0,0,0,0
271,Shrewsbury,Worcester,5885,,,164,343,339,417,429,427,483,469,481,498,459,450,464,461,1
272,Shutesbury,Franklin,115,,,13,16,10,20,14,11,18,13,0,0,0,0,0,0,0
273,Somerset,Bristol,1646,,,52,153,147,147,183,175,197,167,192,233,0,0,0,0,0
274,Somerville,Middlesex,4673,,,236,350,360,388,355,301,320,355,338,314,393,337,287,329,10
275,Southampton,Hampshire,466,,,32,63,60,57,68,52,76,58,0,0,0,0,0,0,0
276,Southborough,Worcester,1247,,,104,117,114,144,125,137,123,128,127,128,0,0,0,0,0
277,Southbridge,Worcester,1805,,,40,141,140,159,124,154,155,129,132,159,158,131,101,82,0
278,South Hadley,Hampshire,1763,,,62,128,96,111,147,131,150,130,133,123,142,131,134,138,7
281,Springfield,Hampden,23799,,,1345,1600,1684,1789,1785,1757,1726,1546,1556,1696,2153,1754,1604,1678,126
284,Stoneham,Middlesex,2243,,,89,169,186,167,178,166,181,172,157,199,144,148,146,139,2
285,Stoughton,Norfolk,3477,,,125,294,237,259,233,232,241,277,259,271,314,284,222,223,6
287,Sturbridge,Worcester,846,,,66,116,100,115,96,113,126,114,0,0,0,0,0,0,0
288,Sudbury,Middlesex,2517,,,64,248,227,300,259,274,277,290,285,293,0,0,0,0,0
289,Sunderland,Franklin,188,,,15,21,14,24,28,28,27,31,0,0,0,0,0,0,0
290,Sutton,Worcester,1209,,,20,82,92,84,103,95,73,101,102,98,82,93,91,93,0
291,Swampscott,Essex,2041,,,54,148,141,148,142,127,136,154,164,174,151,154,154,189,5
292,Swansea,Bristol,2013,,,47,152,142,152,141,162,174,147,178,174,139,169,111,122,3
293,Taunton,Bristol,7757,,,264,582,527,558,586,590,599,606,653,662,528,549,501,543,9
295,Tewksbury,Middlesex,3180,,,156,229,257,250,235,235,265,240,247,264,174,198,197,229,4
296,Tisbury,Dukes,286,,,11,33,36,27,26,35,30,27,22,39,0,0,0,0,0
298,Topsfield,Essex,622,,,43,82,74,83,83,86,89,82,0,0,0,0,0,0,0
300,Truro,Barnstable,111,,,23,17,12,12,14,15,16,2,0,0,0,0,0,0,0
301,Tyngsborough,Middlesex,1624,,,65,122,111,114,128,122,144,113,126,154,98,88,110,129,0
304,Uxbridge,Worcester,1626,,,65,127,107,113,115,125,113,128,148,116,121,119,111,116,2
305,Wakefield,Middlesex,3318,,,102,249,290,254,245,271,271,258,266,266,211,189,206,240,0
306,Wales,Hampden,118,,,17,12,15,17,10,12,14,21,0,0,0,0,0,0,0
307,Walpole,Norfolk,3667,,,88,285,316,289,287,278,278,273,258,271,242,260,254,282,6
308,Waltham,Middlesex,5496,,,117,444,429,416,423,420,434,400,381,389,416,423,419,384,1
309,Ware,Hampshire,1124,,,54,76,70,85,88,79,78,98,97,102,107,70,62,54,4
310,Wareham,Plymouth,2043,,,65,190,163,188,146,173,125,164,173,203,129,109,102,103,10
314,Watertown,Middlesex,2571,,,115,231,198,193,204,207,187,176,167,188,210,177,166,147,5
315,Wayland,Middlesex,2711,,,0,197,224,205,192,242,218,204,198,200,232,213,191,195,0
316,Webster,Worcester,1697,,,41,127,125,151,134,128,149,154,152,133,128,74,91,102,8
317,Wellesley,Norfolk,4290,,,94,287,257,288,308,320,322,315,323,370,342,357,360,336,11
318,Wellfleet,Barnstable,112,,,0,22,17,13,23,18,19,0,0,0,0,0,0,0,0
321,Westborough,Worcester,3856,,,133,255,261,277,271,298,300,291,293,299,320,296,262,291,9
322,West Boylston,Worcester,879,,,37,74,44,65,61,63,63,67,67,78,51,58,67,84,0
323,West Bridgewater,Plymouth,1379,,,52,92,120,90,108,89,103,103,104,120,94,99,102,103,0
325,Westfield,Hampden,4774,,,79,315,315,331,360,319,345,355,333,381,409,404,399,417,12
326,Westford,Middlesex,4668,,,97,277,308,312,316,338,317,391,386,359,370,379,429,386,3
327,Westhampton,Hampshire,103,,,8,14,8,13,12,12,19,17,0,0,0,0,0,0,0
330,Weston,Middlesex,1948,,,35,141,138,140,141,121,142,151,149,152,166,158,155,159,0
331,Westport,Bristol,1430,,,50,112,109,109,115,107,118,136,139,116,97,81,69,69,3
332,West Springfield,Hampden,3851,,,89,237,303,284,279,290,307,302,283,292,319,288,278,282,18
335,Westwood,Norfolk,2894,,,44,201,214,177,219,218,207,222,234,206,214,236,249,250,3
336,Weymouth,Norfolk,5560,,,171,384,411,380,376,393,397,384,400,454,474,450,417,454,15
337,Whately,Franklin,121,,,15,14,17,19,16,13,15,12,0,0,0,0,0,0,0
340,Williamsburg,Hampshire,138,,,12,13,10,17,23,18,19,26,0,0,0,0,0,0,0
342,Wilmington,Middlesex,2801,,,76,210,232,228,214,256,207,238,189,256,129,172,190,203,1
343,Winchendon,Worcester,1206,,,72,112,90,89,100,97,100,82,79,94,90,68,62,71,0
344,Winchester,Middlesex,4362,,,61,280,262,345,331,324,351,349,338,372,323,341,342,343,0
346,Winthrop,Suffolk,1883,,,41,147,140,153,143,123,149,130,138,155,148,140,129,145,2
347,Woburn,Middlesex,4295,,,150,344,308,341,328,299,330,307,334,329,334,280,272,329,10
348,Worcester,Worcester,23735,,,822,1836,1618,1755,1759,1756,1712,1683,1748,1733,1943,1856,1710,1743,61
349,Worthington,Hampshire,67,,,13,6,10,5,6,13,7,7,0,0,0,0,0,0,0
350,Wrentham,Norfolk,921,,,81,126,119,108,107,134,125,121,0,0,0,0,0,0,0
406,Northampton-Smith Vocational Agricultural,Hampshire,547,,1,0,0,0,0,0,0,0,0,0,0,149,147,139,112,0
407,Dudley Street Neighborhood Charter School (District),Suffolk,286,1,,43,41,43,41,44,43,31,0,0,0,0,0,0,0,0
409,Alma del Mar Charter School (District),Bristol,944,1,,0,102,102,101,103,103,51,149,140,93,0,0,0,0,0
410,Excel Academy Charter (District),Suffolk,1365,1,,0,0,0,0,0,0,165,174,168,173,181,174,171,159,0
411,Boston Green Academy Horace Mann Charter School (District),Suffolk,486,1,,0,0,0,0,0,0,0,51,49,60,91,79,74,75,7
412,Academy Of the Pacific Rim Charter Public (District),Suffolk,510,1,,0,0,0,0,0,0,49,64,67,71,65,75,59,60,0
413,Four Rivers Charter Public (District),Franklin,218,1,,0,0,0,0,0,0,0,0,35,39,38,30,38,38,0
414,Berkshire Arts and Technology Charter Public (District),Berkshire,366,1,,0,0,0,0,0,0,0,68,64,64,49,42,38,41,0
416,Boston Preparatory Charter Public (District),Suffolk,696,1,,0,0,0,0,0,0,0,90,96,108,132,111,81,78,0
417,Bridge Boston Charter School (District),Suffolk,336,1,,34,35,40,37,36,36,39,30,26,23,0,0,0,0,0
418,Christa McAuliffe Charter Public (District),Middlesex,388,1,,0,0,0,0,0,0,0,139,124,125,0,0,0,0,0
419,Helen Y. Davis Leadership Academy Charter Public (District),Suffolk,138,1,,0,0,0,0,0,0,0,17,48,73,0,0,0,0,0
420,Benjamin Banneker Charter Public (District),Middlesex,329,1,,19,43,48,45,43,46,47,38,0,0,0,0,0,0,0
424,Boston Day and Evening Academy Charter (District),Suffolk,348,1,,0,0,0,0,0,0,0,0,0,0,50,49,0,249,0
426,Community Day Charter Public School - Gateway (District),Essex,401,1,,40,37,40,40,44,43,41,41,43,32,0,0,0,0,0
428,Brooke Charter School (District),Suffolk,2145,1,,0,188,194,193,192,192,188,177,177,180,159,135,105,63,2
429,KIPP Academy Lynn Charter (District),Essex,1614,1,,0,128,124,124,124,125,128,128,124,124,130,128,113,114,0
430,Advanced Math and Science Academy Charter (District),Middlesex,965,1,,0,0,0,0,0,0,0,133,142,127,134,140,143,146,0
431,Community Day Charter Public School - R. Kingman Webster (District),Essex,394,1,,37,37,42,41,43,41,42,39,37,35,0,0,0,0,0
432,Cape Cod Lighthouse Charter (District),Barnstable,250,1,,0,0,0,0,0,0,0,83,84,83,0,0,0,0,0
435,Innovation Academy Charter (District),Middlesex,776,1,,0,0,0,0,0,0,100,100,100,100,113,95,87,81,0
436,Community Charter School of Cambridge (District),Middlesex,288,1,,0,0,0,0,0,0,0,22,42,42,48,56,30,48,0
437,City on a Hill Charter Public School Circuit Street (District),Suffolk,229,1,,0,0,0,0,0,0,0,0,0,0,55,72,54,48,0
438,Codman Academy Charter Public (District),Suffolk,343,1,,20,18,20,19,20,21,19,20,19,22,44,41,31,29,0
439,Conservatory Lab Charter (District),Suffolk,447,1,,48,48,52,54,53,57,46,37,24,28,0,0,0,0,0
440,Community Day Charter Public School - Prospect (District),Essex,400,1,,41,32,21,40,48,48,45,40,42,43,0,0,0,0,0
441,Sabis International Charter (District),Hampden,1519,1,,0,103,113,118,121,158,124,126,151,125,101,101,83,94,1
444,Neighborhood House Charter (District),Suffolk,764,1,,35,39,39,38,43,43,57,58,61,70,90,75,70,46,0
445,Abby Kelley Foster Charter Public (District),Worcester,1426,1,,0,119,118,119,119,120,124,119,112,109,91,93,90,93,0
446,Foxborough Regional Charter (District),Norfolk,1689,1,,0,146,147,146,151,147,141,141,139,143,118,101,88,81,0
447,Benjamin Franklin Classical Charter Public (District),Norfolk,818,1,,0,96,98,96,96,96,96,97,94,49,0,0,0,0,0
449,Boston Collegiate Charter (District),Suffolk,702,1,,0,0,0,0,0,0,91,90,88,97,96,77,80,83,0
450,Hilltown Cooperative Charter Public (District),Hampshire,217,1,,0,20,20,21,20,22,22,31,30,31,0,0,0,0,0
452,Edward M. Kennedy Academy for Health Careers (Horace Mann Charter) (District),Suffolk,395,1,,0,0,0,0,0,0,0,0,0,0,107,103,94,91,0
453,Holyoke Community Charter (District),Hampden,653,1,,0,68,49,76,86,74,74,84,76,66,0,0,0,0,0
454,Lawrence Family Development Charter (District),Essex,796,1,,82,80,80,84,84,81,78,77,75,75,0,0,0,0,0
455,Hill View Montessori Charter Public (District),Essex,306,1,,0,36,34,33,33,34,39,34,30,33,0,0,0,0,0
456,Lowell Community Charter Public (District),Middlesex,822,1,,40,98,96,96,93,85,85,76,80,73,0,0,0,0,0
458,Lowell Middlesex Academy Charter (District),Middlesex,74,1,,0,0,0,0,0,0,0,0,0,0,27,13,11,23,0
463,KIPP Academy Boston Charter School (District),Suffolk,600,1,,0,63,71,70,71,72,65,66,61,61,0,0,0,0,0
464,Marblehead Community Charter Public (District),Essex,225,1,,0,0,0,0,0,47,51,44,49,34,0,0,0,0,0
466,Martha's Vineyard Charter (District),Dukes,165,1,,0,10,11,12,14,15,11,20,17,22,5,5,8,15,0
468,Ma Academy for Math and Science,Worcester,91,1,,0,0,0,0,0,0,0,0,0,0,0,0,50,41,0
469,MATCH Charter Public School (District),Suffolk,1225,1,,54,91,94,97,100,102,96,94,95,94,82,81,74,71,0
470,Mystic Valley Regional Charter (District),Middlesex,1586,1,,0,169,159,156,141,141,117,117,117,132,93,109,74,61,0
474,Sizer School: A North Central Charter Essential (District),Worcester,350,1,,0,0,0,0,0,0,0,0,67,73,60,59,50,41,0
478,Francis W. Parker Charter Essential (District),Middlesex,386,1,,0,0,0,0,0,0,0,0,67,71,68,58,69,53,0
479,Pioneer Valley Performing Arts Charter Public (District),Hampshire,400,1,,0,0,0,0,0,0,0,0,72,70,71,65,61,61,0
480,UP Academy Charter School of Boston (District),Suffolk,317,1,,0,0,0,0,0,0,0,99,96,122,0,0,0,0,0
481,Boston Renaissance Charter Public (District),Suffolk,939,1,,113,131,133,123,143,122,101,73,0,0,0,0,0,0,0
482,River Valley Charter (District),Essex,288,1,,0,32,32,34,32,33,31,31,32,31,0,0,0,0,0
483,Rising Tide Charter Public (District),Plymouth,655,1,,0,0,0,0,0,0,89,92,92,91,73,66,75,77,0
484,Roxbury Preparatory Charter (District),Suffolk,1521,1,,0,0,0,0,0,0,128,218,243,252,243,180,130,127,0
485,Salem Academy Charter (District),Essex,495,1,,0,0,0,0,0,0,0,72,72,71,78,67,71,64,0
486,Learning First Charter Public School (District),Worcester,671,1,,0,75,76,75,75,76,75,78,75,66,0,0,0,0,0
487,Prospect Hill Academy Charter (District),Middlesex,1096,1,,38,61,65,85,91,92,92,80,89,92,86,81,82,62,0
488,South Shore Charter Public (District),Plymouth,1050,1,,0,74,74,80,85,85,76,80,80,82,96,80,90,68,0
489,Sturgis Charter Public (District),Barnstable,846,1,,0,0,0,0,0,0,0,0,0,0,215,202,221,208,0
491,Atlantis Charter (District),Bristol,1277,1,,0,109,108,110,110,105,108,109,107,109,78,61,88,75,0
492,Martin Luther King Jr. Charter School of Excellence (District),Hampden,350,1,,0,59,61,59,59,55,57,0,0,0,0,0,0,0,0
493,Phoenix Charter Academy (District),Essex,185,1,,0,0,0,0,0,0,0,0,0,0,150,5,14,16,0
494,Pioneer Charter School of Science (District),Middlesex,775,1,,0,63,60,62,63,63,64,63,65,63,59,50,47,53,0
496,Global Learning Charter Public (District),Bristol,504,1,,0,0,0,0,0,0,83,91,91,87,43,34,43,32,0
497,Pioneer Valley Chinese Immersion Charter (District),Hampshire,572,1,,0,44,44,44,45,43,44,65,58,52,44,28,21,40,0
498,Veritas Preparatory Charter School (District),Hampden,380,1,,0,0,0,0,0,0,74,105,97,104,0,0,0,0,0
499,Hampden Charter School of Science East (District),Hampden,554,1,,0,0,0,0,0,0,0,84,87,86,84,81,76,56,0
600,Acton-Boxborough,Middlesex,5186,,,106,317,316,338,375,399,399,408,404,421,385,407,456,451,4
603,Hoosac Valley Regional,Berkshire,1008,,,55,82,69,88,66,69,73,71,95,103,59,52,55,71,0
605,Amherst-Pelham,Hampshire,1270,,,0,0,0,0,0,0,0,0,195,217,207,215,206,226,4
610,Ashburnham-Westminster,Worcester,2272,,,58,165,152,156,196,170,175,182,196,197,155,168,163,128,11
615,Athol-Royalston,Worcester,1539,,,67,142,117,112,129,122,130,122,105,122,115,106,74,74,2
616,Ayer Shirley School District,Middlesex,1622,,,74,138,124,145,119,132,132,121,131,138,119,88,99,62,0
618,Berkshire Hills,Berkshire,1188,,,24,57,58,65,68,55,67,91,91,100,133,116,112,150,1
620,Berlin-Boylston,Worcester,1053,,,57,81,78,82,69,86,67,84,76,90,65,83,61,74,0
622,Blackstone-Millville,Worcester,1538,,,92,81,112,102,120,125,98,147,110,138,110,95,99,102,7
625,Bridgewater-Raynham,Bristol,5392,,,152,430,427,428,434,436,425,426,404,451,376,313,317,360,13
632,Chesterfield-Goshen,Hampshire,148,,,28,24,12,18,17,16,19,14,0,0,0,0,0,0,0
635,Central Berkshire,Berkshire,1516,,,57,107,85,113,94,109,116,100,110,112,135,141,121,116,0
640,Concord-Carlisle,Middlesex,1323,,,0,0,0,0,0,0,0,0,0,0,316,332,341,326,8
645,Dennis-Yarmouth,Barnstable,2795,,,84,219,227,243,252,205,232,230,203,224,205,150,150,170,1
650,Dighton-Rehoboth,Bristol,2569,,,53,177,205,178,217,194,208,202,199,239,179,173,163,177,5
655,Dover-Sherborn,Norfolk,1160,,,0,0,0,0,0,0,0,160,158,185,163,176,153,165,0
658,Dudley-Charlton Reg,Worcester,3452,,,99,236,242,250,257,270,262,275,293,338,243,226,218,237,6
660,Nauset,Barnstable,1366,,,0,0,0,0,0,0,0,173,170,190,223,190,196,220,4
662,Farmington River Reg,Berkshire,116,,,14,19,20,15,10,15,14,9,0,0,0,0,0,0,0
665,Freetown-Lakeville,Bristol,2756,,,48,201,221,232,215,224,221,226,216,233,184,191,191,153,0
670,Frontier,Franklin,610,,,0,0,0,0,0,0,0,0,100,109,104,97,95,99,6
672,Gateway,Hampshire,733,,,47,49,42,51,52,71,54,55,74,64,40,51,41,40,2
673,Groton-Dunstable,Middlesex,2315,,,69,154,150,168,180,175,186,156,202,171,167,174,170,189,4
674,Gill-Montague,Franklin,845,,,36,82,63,52,68,80,73,75,58,74,47,55,37,38,7
675,Hamilton-Wenham,Essex,1684,,,40,141,131,121,126,138,116,118,132,129,114,120,126,132,0
680,Hampden-Wilbraham,Hampden,2890,,,105,178,165,204,185,193,210,198,213,222,259,248,230,280,0
683,Hampshire,Hampshire,685,,,0,0,0,0,0,0,0,0,123,130,100,97,100,131,4
685,Hawlemont,Franklin,123,,,17,11,15,13,16,14,21,16,0,0,0,0,0,0,0
690,King Philip,Norfolk,1874,,,0,0,0,0,0,0,0,0,317,395,271,298,267,320,6
695,Lincoln-Sudbury,Middlesex,1513,,,0,0,0,0,0,0,0,0,0,0,391,362,361,395,4
698,Manchester Essex Regional,Essex,1250,,,20,66,82,83,82,88,96,78,96,109,113,93,121,123,0
700,Martha's Vineyard,Dukes,706,,,0,0,0,0,0,0,0,0,0,0,208,178,178,139,3
705,Masconomet,Essex,1642,,,0,0,0,0,0,0,0,0,280,315,221,260,276,290,0
710,Mendon-Upton,Worcester,2141,,,52,160,150,154,162,163,145,161,162,197,160,158,143,170,4
712,Monomoy Regional School District,Barnstable,1763,,,35,114,113,116,117,142,150,147,159,146,150,111,124,132,7
715,Mount Greylock,Berkshire,1153,,,49,80,58,74,93,85,97,93,103,85,74,104,84,72,2
717,Mohawk Trail,Franklin,762,,,76,46,49,59,66,70,63,62,71,57,43,37,24,37,2
720,Narragansett,Worcester,1393,,,84,92,105,115,116,110,115,117,118,119,97,72,65,65,3
725,Nashoba,Worcester,3088,,,71,241,240,206,230,226,242,240,256,242,213,223,204,248,6
728,New Salem-Wendell,Franklin,130,,,15,16,13,17,17,18,17,17,0,0,0,0,0,0,0
730,Northboro-Southboro,Worcester,1269,,,0,0,0,0,0,0,0,0,0,0,297,316,317,326,13
735,North Middlesex,Middlesex,2989,,,77,225,255,226,240,230,224,229,235,263,212,184,175,208,6
740,Old Rochester,Plymouth,1087,,,0,0,0,0,0,0,0,0,193,217,151,152,175,195,4
745,Pentucket,Essex,2210,,,89,176,148,177,168,172,153,166,183,146,155,143,159,175,0
750,Pioneer Valley,Franklin,657,,,39,45,58,37,45,60,53,55,57,55,42,37,50,24,0
753,Quabbin,Worcester,2223,,,123,156,152,166,150,174,150,153,195,185,182,140,129,160,8
755,Ralph C Mahar,Franklin,557,,,0,0,0,0,0,0,0,0,94,126,102,73,87,75,0
760,Silver Lake,Plymouth,1691,,,123,0,0,0,0,0,0,0,248,261,273,252,266,261,7
763,Somerset Berkley Regional School District,Bristol,996,,,0,0,0,0,0,0,0,0,0,0,244,260,239,246,7
765,Southern Berkshire,Berkshire,633,,,45,57,53,44,48,35,47,46,44,34,49,30,52,49,0
766,Southwick-Tolland-Granville Regional School District,Hampden,1359,,,43,85,94,87,96,86,103,107,123,118,100,102,99,116,0
767,Spencer-E Brookfield,Worcester,1395,,,82,110,89,112,98,110,123,99,95,134,105,95,76,64,3
770,Tantasqua,Worcester,1789,,,0,0,0,0,0,0,0,0,293,297,323,305,282,288,1
773,Triton,Essex,2217,,,132,167,132,165,154,154,160,169,157,180,174,151,183,139,0
774,Up-Island Regional,Dukes,413,,,7,32,43,40,55,46,44,44,49,53,0,0,0,0,0
775,Wachusett,Worcester,6727,,,127,508,492,469,505,473,540,560,541,548,483,493,495,475,18
778,Quaboag Regional,Worcester,1141,,,40,77,74,79,66,97,75,92,105,95,81,90,98,72,0
780,Whitman-Hanson,Plymouth,3556,,,91,237,232,257,251,270,265,274,282,310,254,239,295,286,13
801,Assabet Valley Regional Vocational Technical,Middlesex,1139,,1,0,0,0,0,0,0,0,0,0,0,300,292,275,272,0
805,Blackstone Valley Regional Vocational Technical,Worcester,1234,,1,0,0,0,0,0,0,0,0,0,0,320,314,301,299,0
806,Blue Hills Regional Vocational Technical,Norfolk,917,,1,0,0,0,0,0,0,0,0,0,0,246,240,220,211,0
810,Bristol-Plymouth Regional Vocational Technical,Bristol,1332,,1,0,0,0,0,0,0,0,0,0,0,337,345,331,319,0
815,Cape Cod Regional Vocational Technical,Barnstable,654,,1,0,0,0,0,0,0,0,0,0,0,178,173,166,137,0
817,Essex North Shore Agricultural and Technical School District,Essex,1654,,1,0,0,0,0,0,0,0,0,0,0,449,420,410,375,0
818,Franklin County Regional Vocational Technical,Franklin,583,,1,0,0,0,0,0,0,0,0,0,0,167,160,135,121,0
821,Greater Fall River Regional Vocational Technical,Bristol,1421,,1,0,0,0,0,0,0,0,0,0,0,373,358,343,346,1
823,Greater Lawrence Regional Vocational Technical,Essex,1655,,1,0,0,0,0,0,0,0,0,0,0,428,422,413,392,0
825,Greater New Bedford Regional Vocational Technical,Bristol,2110,,1,0,0,0,0,0,0,0,0,0,0,564,561,495,490,0
828,Greater Lowell Regional Vocational Technical,Middlesex,2300,,1,0,0,0,0,0,0,0,0,0,0,596,594,565,527,18
829,South Middlesex Regional Vocational Technical,Middlesex,850,,1,0,0,0,0,0,0,0,0,0,0,232,222,201,195,0
830,Minuteman Regional Vocational Technical,Middlesex,655,,1,0,0,0,0,0,0,0,0,0,0,199,175,158,123,0
832,Montachusett Regional Vocational Technical,Worcester,1413,,1,0,0,0,0,0,0,0,0,0,0,371,368,335,339,0
851,Northern Berkshire Regional Vocational Technical,Berkshire,523,,1,0,0,0,0,0,0,0,0,0,0,157,129,129,108,0
852,Nashoba Valley Regional Vocational Technical,Middlesex,736,,1,0,0,0,0,0,0,0,0,0,0,203,188,168,177,0
853,Northeast Metropolitan Regional Vocational Technical,Middlesex,1307,,1,0,0,0,0,0,0,0,0,0,0,339,344,305,319,0
855,Old Colony Regional Vocational Technical,Bristol,563,,1,0,0,0,0,0,0,0,0,0,0,142,148,145,128,0
860,Pathfinder Regional Vocational Technical,Hampden,629,,1,0,0,0,0,0,0,0,0,0,0,173,176,145,135,0
871,Shawsheen Valley Regional Vocational Technical,Middlesex,1317,,1,0,0,0,0,0,0,0,0,0,0,357,344,296,320,0
872,Southeastern Regional Vocational Technical,Bristol,1550,,1,0,0,0,0,0,0,0,0,0,0,407,407,389,347,0
873,South Shore Regional Vocational Technical,Plymouth,655,,1,0,0,0,0,0,0,0,0,0,0,170,168,162,155,0
876,Southern Worcester County Regional Vocational Technical,Worcester,1173,,1,0,0,0,0,0,0,0,0,0,0,321,298,275,279,0
878,Tri-County Regional Vocational Technical,Norfolk,939,,1,0,0,0,0,0,0,0,0,0,0,236,249,222,232,0
879,Upper Cape Cod Regional Vocational Technical,Barnstable,744,,1,0,0,0,0,0,0,0,0,0,0,215,196,161,172,0
885,Whittier Regional Vocational Technical,Essex,1282,,1,0,0,0,0,0,0,0,0,0,0,330,332,329,291,0
910,Bristol County Agricultural,Bristol,499,,1,0,0,0,0,0,0,0,0,0,0,171,118,108,102,0
915,Norfolk County Agricultural,Norfolk,588,,1,0,0,0,0,0,0,0,0,0,0,154,148,143,143,0
3501,Paulo Freire Social Justice Charter School (District),Hampshire,243,1,,0,0,0,0,0,0,0,0,0,0,38,71,73,61,0
3502,Baystate Academy Charter Public School (District),Hampden,456,1,,0,0,0,0,0,0,0,58,81,74,71,66,62,44,0
3503,Collegiate Charter School of Lowell (District),Middlesex,1117,1,,0,81,85,89,117,125,116,122,101,124,81,37,39,0,0
3505,UP Academy Charter School of Dorchester (District),Suffolk,653,1,,59,62,67,66,72,74,74,63,54,62,0,0,0,0,0
3506,Pioneer Charter School of Science II (PCSS-II) (District),Middlesex,376,1,,0,0,0,0,0,0,0,0,73,73,66,56,48,60,0
3508,Phoenix Academy Public Charter High School Springfield (District),Hampden,175,1,,0,0,0,0,0,0,0,0,0,0,122,4,24,25,0
3509,Argosy Collegiate Charter School (District),Bristol,566,1,,0,0,0,0,0,0,0,100,103,103,77,55,63,65,0
3510,Springfield Preparatory Charter School (District),Hampden,433,1,,0,54,56,54,54,55,54,54,52,0,0,0,0,0,0
3513,New Heights Charter School of Brockton (District),Plymouth,744,1,,0,0,0,0,0,0,0,90,123,115,122,89,83,122,0
3514,Libertas Academy Charter School (District),Hampden,332,1,,0,0,0,0,0,0,0,72,95,86,79,0,0,0,0
3515,Old Sturbridge Academy Charter Public School (District),Worcester,320,1,,0,41,40,40,40,40,40,40,39,0,0,0,0,0,0
3516,Hampden Charter School of Science West (District),Hampden,368,1,,0,0,0,0,0,0,0,62,65,67,60,56,32,26,0
3517,Map Academy Charter School (District),Plymouth,223,1,,0,0,0,0,0,0,0,0,0,0,46,54,66,57,0
3518,Phoenix Academy Public Charter High School Lawrence (District),Essex,138,1,,0,0,0,0,0,0,0,0,0,0,68,4,37,29,0
3901,Greenfield Commonwealth Virtual District,Franklin,1030,1,,0,20,42,46,60,62,64,64,88,117,113,124,124,106,0
3902,TEC Connections Academy Commonwealth Virtual School District,Norfolk,2686,1,,0,74,70,70,100,149,120,170,224,317,396,357,328,311,0
0,State Totals,,"911,529",,,"27,714","62,374","62,602","64,073","65,481","65,789","66,972","67,110","69,038","71,463","75,727","71,088","69,758","70,661","1,679"
,,,,,,,,,,,,,,,,,,,,
*** Data are not reported for district totals fewer than 6 students,,,,,,,,,,,,,,,,,,,,